{
	"similarity": 70,
	"config": [
		{
			"title": "缩略图",
			"use": false,
			"tips": "该类型图片识别度较低,数量较多,识别率较低",
			"type": "thumb",
			"subtype": [],
			"hide": false
		},
		{
			"title": "其他类",
			"use": true,
			"tips": "动漫, 动物, 吉他, 大型汽车, 客机, 密集, 小型汽车, 小型飞机, 帆船, 帐篷, 手表, 摩托车, 救护车, 文件, 文字, 方向盘, 望远镜, 植物, 消防车, 游艇, 热气飞艇, 疑似黄图, 红色, 纹身, 耳机, 背包, 自行车, 色情动漫, 营业执照, 车牌, 轮胎, 钢琴, 镊子, 面具, 风景",
			"type": "qtl",
			"subtype": [
				"1动漫",
				"1动物",
				"1吉他",
				"1大型汽车",
				"1客机",
				"1密集",
				"1小型汽车",
				"1小型飞机",
				"1帆船",
				"1帐篷",
				"1手表",
				"1摩托车",
				"1救护车",
				"1文件",
				"1文字",
				"1方向盘",
				"1望远镜",
				"1植物",
				"1消防车",
				"1游艇",
				"1热气飞艇",
				"1疑似黄图",
				"1红色",
				"1纹身",
				"1耳机",
				"1背包",
				"1自行车",
				"1色情动漫",
				"1营业执照",
				"1车牌",
				"1轮胎",
				"1钢琴",
				"1镊子",
				"1面具",
				"1风景"
			],
			"hide": true,
			"table": {
				"0动漫": "动漫",
				"1动漫": "动漫",
				"0动物": "动物",
				"1动物": "动物",
				"0吉他": "吉他",
				"1吉他": "吉他",
				"0大型汽车": "大型汽车",
				"1大型汽车": "大型汽车",
				"0客机": "客机",
				"1客机": "客机",
				"0密集": "密集",
				"1密集": "密集",
				"0小型汽车": "小型汽车",
				"1小型汽车": "小型汽车",
				"0小型飞机": "小型飞机",
				"1小型飞机": "小型飞机",
				"0帆船": "帆船",
				"1帆船": "帆船",
				"0帐篷": "帐篷",
				"1帐篷": "帐篷",
				"0手表": "手表",
				"1手表": "手表",
				"0摩托车": "摩托车",
				"1摩托车": "摩托车",
				"0救护车": "救护车",
				"1救护车": "救护车",
				"0文件": "文件",
				"1文件": "文件",
				"0文字": "文字",
				"1文字": "文字",
				"0方向盘": "方向盘",
				"1方向盘": "方向盘",
				"0望远镜": "望远镜",
				"1望远镜": "望远镜",
				"0植物": "植物",
				"1植物": "植物",
				"0消防车": "消防车",
				"1消防车": "消防车",
				"0游艇": "游艇",
				"1游艇": "游艇",
				"0热气飞艇": "热气飞艇",
				"1热气飞艇": "热气飞艇",
				"0疑似黄图": "疑似黄图",
				"1疑似黄图": "疑似黄图",
				"0红色": "红色",
				"1红色": "红色",
				"0纹身": "纹身",
				"1纹身": "纹身",
				"0耳机": "耳机",
				"1耳机": "耳机",
				"0背包": "背包",
				"1背包": "背包",
				"0自行车": "自行车",
				"1自行车": "自行车",
				"0色情动漫": "色情动漫",
				"1色情动漫": "色情动漫",
				"0营业执照": "营业执照",
				"1营业执照": "营业执照",
				"0车牌": "车牌",
				"1车牌": "车牌",
				"0轮胎": "轮胎",
				"1轮胎": "轮胎",
				"0钢琴": "钢琴",
				"1钢琴": "钢琴",
				"0镊子": "镊子",
				"1镊子": "镊子",
				"0面具": "面具",
				"1面具": "面具",
				"0风景": "风景",
				"1风景": "风景"
			}
		},
		{
			"title": "人像类",
			"use": true,
			"tips": "人像",
			"type": "rxl",
			"subtype": ["1人像"],
			"hide": false,
			"table": {
				"0人像": "人像",
				"1人像": "人像"
			}
		},
		{
			"title": "涉黄类",
			"use": true,
			"tips": "性感, 色情",
			"type": "shl",
			"subtype": ["1性感", "1色情"],
			"hide": false,
			"table": {
				"0性感": "性感",
				"1性感": "性感",
				"0色情": "色情",
				"1色情": "色情"
			}
		},
		{
			"title": "涉军类",
			"use": true,
			"tips": "军舰, 军装照, 国旗, 坦克, 大炮, 子弹, 导弹, 战斗机, 枪械, 直升机",
			"type": "sjl",
			"subtype": [
				"1军舰",
				"1军装照",
				"1国旗",
				"1坦克",
				"1大炮",
				"1子弹",
				"1导弹",
				"1战斗机",
				"1枪械",
				"1直升机"
			],
			"hide": false,
			"table": {
				"0军舰": "军舰",
				"1军舰": "军舰",
				"0军装照": "军装照",
				"1军装照": "军装照",
				"0国旗": "国旗",
				"1国旗": "国旗",
				"0坦克": "坦克",
				"1坦克": "坦克",
				"0大炮": "大炮",
				"1大炮": "大炮",
				"0子弹": "子弹",
				"1子弹": "子弹",
				"0导弹": "导弹",
				"1导弹": "导弹",
				"0战斗机": "战斗机",
				"1战斗机": "战斗机",
				"0枪械": "枪械",
				"1枪械": "枪械",
				"0直升机": "直升机",
				"1直升机": "直升机"
			}
		},
		{
			"title": "文档类",
			"use": true,
			"tips": "二维码, 快递单号, 护照, 红头文件, 聊天截图",
			"type": "wdl",
			"subtype": ["1二维码", "1快递单号", "1护照", "1红头文件", "1聊天截图"],
			"hide": false,
			"table": {
				"0二维码": "二维码",
				"1二维码": "二维码",
				"0快递单号": "快递单号",
				"1快递单号": "快递单号",
				"0护照": "护照",
				"1护照": "护照",
				"0红头文件": "红头文件",
				"1红头文件": "红头文件",
				"0聊天截图": "聊天截图",
				"1聊天截图": "聊天截图"
			}
		},
		{
			"title": "违禁品",
			"use": true,
			"tips": "刀具, 毒品, 注射器",
			"type": "wjp",
			"subtype": ["1刀具", "1毒品", "1注射器"],
			"hide": false,
			"table": {
				"0刀具": "刀具",
				"1刀具": "刀具",
				"0毒品": "毒品",
				"1毒品": "毒品",
				"0注射器": "注射器",
				"1注射器": "注射器"
			}
		},
		{
			"title": "证件类",
			"use": true,
			"tips": "名片, 社保卡, 身份证, 驾驶证, 微信支付, 微信红包, 支付宝支付, 账单流水, 货币",
			"type": "zjl",
			"subtype": [
				"1名片",
				"1社保卡",
				"1身份证",
				"1驾驶证",
				"1微信支付",
				"1微信红包",
				"1支付宝支付",
				"1账单流水",
				"1货币"
			],
			"hide": false,
			"table": {
				"0名片": "名片",
				"1名片": "名片",
				"0社保卡": "社保卡",
				"1社保卡": "社保卡",
				"0身份证": "身份证",
				"1身份证": "身份证",
				"0驾驶证": "驾驶证",
				"1驾驶证": "驾驶证",
				"0微信支付": "微信支付",
				"1微信支付": "微信支付",
				"0微信红包": "微信红包",
				"1微信红包": "微信红包",
				"0支付宝支付": "支付宝支付",
				"1支付宝支付": "支付宝支付",
				"0账单流水": "账单流水",
				"1账单流水": "账单流水",
				"0货币": "货币",
				"1货币": "货币"
			}
		}
	],
	"label": {
		"0": "1二维码",
		"1": "1人像",
		"2": "1军舰",
		"3": "1军装照",
		"4": "1刀具",
		"5": "1动漫",
		"6": "1动物",
		"7": "1吉他",
		"8": "1名片",
		"9": "1国旗",
		"10": "1坦克",
		"11": "1大型汽车",
		"12": "1大炮",
		"13": "1子弹",
		"14": "1客机",
		"15": "1密集",
		"16": "1导弹",
		"17": "1小型汽车",
		"18": "1小型飞机",
		"19": "1帆船",
		"20": "1帐篷",
		"21": "1微信支付",
		"22": "1微信红包",
		"23": "1快递单号",
		"24": "1性感",
		"25": "1战斗机",
		"26": "1手表",
		"27": "1护照",
		"28": "1摩托车",
		"29": "1支付宝支付",
		"30": "1救护车",
		"31": "1文件",
		"32": "1文字",
		"33": "1方向盘",
		"34": "1望远镜",
		"35": "1枪械",
		"36": "1植物",
		"37": "1毒品",
		"38": "1注射器",
		"39": "1消防车",
		"40": "1游艇",
		"41": "1热气飞艇",
		"42": "1疑似黄图",
		"43": "1直升机",
		"44": "1社保卡",
		"45": "1红头文件",
		"46": "1红色",
		"47": "1纹身",
		"48": "1耳机",
		"49": "1聊天截图",
		"50": "1背包",
		"51": "1自行车",
		"52": "1色情",
		"53": "1色情动漫",
		"54": "1营业执照",
		"55": "1账单流水",
		"56": "1货币",
		"57": "1身份证",
		"58": "1车牌",
		"59": "1轮胎",
		"60": "1钢琴",
		"61": "1镊子",
		"62": "1面具",
		"63": "1风景",
		"64": "1驾驶证"
	}
}
